<?xml version="1.0" encoding="UTF-8"?>
<Networks computer="DESKTOP-5UPUQ2I" GlobalFPPProxy="">
  <suppressframes frames="20"/>
  <Controller Id="5" Name="F8-PB" Description="House Outline" Type="Ethernet" Vendor="KulpLights" Model="F8-B" Variant="No Serial" ActiveState="Active" AutoLayout="1" AutoUpload="0" SuppressDuplicates="0" IP="192.168.0.49" Protocol="DDP" FPPProxy="" Priority="100">
    <network ChannelsPerPacket="1440" KeepChannelNumbers="1" ComPort="192.168.0.49" BaudRate="5" NetworkType="DDP" MaxChannels="1995"/>
  </Controller>
  <Controller Id="1" Name="AlphaPix 4" Description="Pillars, Arches, Yard outline and porch flakes" Type="Ethernet" Vendor="HolidayCoro" Model="AlphaPix 4" Variant="" ActiveState="Active" AutoLayout="1" AutoUpload="0" SuppressDuplicates="0" IP="192.168.0.50" Protocol="E131" FPPProxy="" Priority="100">
    <network ComPort="192.168.0.50" BaudRate="6" NetworkType="E131" MaxChannels="510"/>
    <network ComPort="192.168.0.50" BaudRate="7" NetworkType="E131" MaxChannels="510"/>
    <network ComPort="192.168.0.50" BaudRate="8" NetworkType="E131" MaxChannels="510"/>
    <network ComPort="192.168.0.50" BaudRate="9" NetworkType="E131" MaxChannels="510"/>
  </Controller>
  <Controller Id="10" Name="K16" Description="Mega Tree Star and Tune to sign" Type="Ethernet" Vendor="KulpLights" Model="K16A-B" Variant="Expansion" AutoSize="1" ActiveState="Active" AutoLayout="1" AutoUpload="1" SuppressDuplicates="0" IP="192.168.0.48" Protocol="DDP" FPPProxy="" Priority="100">
    <network ChannelsPerPacket="1440" KeepChannelNumbers="1" ComPort="192.168.0.48" BaudRate="10" NetworkType="DDP" MaxChannels="2763"/>
  </Controller>
  <testpreset name="Column-left">
    <channelr start="8394" end="8896"/>
  </testpreset>
  <testpreset name="Column-right">
    <channelr start="8394" end="8896"/>
    <channelr start="10730" end="11224"/>
  </testpreset>
  <testpreset name="Bethlehem star">
    <channelr start="10367" end="10720"/>
  </testpreset>
  <testpreset name="Test RGB Columns-Arches">
    <channelr start="49" end="1038"/>
  </testpreset>
  <testpreset name="LEFT WINDOW Matrix full on test 1">
    <channelr start="5029" end="6864"/>
  </testpreset>
  <testpreset name="LEFT WINDOWN (6) STRING TWIN 50">
    <channelr start="5029" end="7068"/>
  </testpreset>
  <testpreset name="LEFT WINDOW MATRIX FULL WHITE (6) TEST">
    <channelr start="5029" end="7068"/>
  </testpreset>
  <testpreset name="WHITE TEST ON CENTER WINDOW MATRIX">
    <channelr start="4429" end="9108"/>
  </testpreset>
  <testpreset name="All Channels On!!!! July 2016">
    <channelr start="1" end="14208"/>
  </testpreset>
  <testpreset name="2 pink">
    <channelr start="1" end="14208"/>
  </testpreset>
  <testpreset name="CENTER/LEFT WINDOW MATRIX EVEN TEST">
    <channelr start="4081" end="4590"/>
    <channelr start="5101" end="5610"/>
    <channelr start="6121" end="6630"/>
    <channelr start="7141" end="7650"/>
    <channelr start="8161" end="8670"/>
    <channelr start="9181" end="9690"/>
    <channelr start="12241" end="12750"/>
    <channelr start="13261" end="13770"/>
  </testpreset>
  <testpreset name="CENTER/LEFT WINDOW MATRIX ODD TEST">
    <channelr start="3571" end="4080"/>
    <channelr start="4591" end="5100"/>
    <channelr start="5611" end="6120"/>
    <channelr start="6631" end="7140"/>
    <channelr start="7651" end="8160"/>
    <channelr start="8671" end="9180"/>
    <channelr start="11731" end="12240"/>
    <channelr start="12751" end="13260"/>
  </testpreset>
  <testpreset name="L-Ring all">
    <channelr start="31663" end="31677"/>
  </testpreset>
  <testpreset name="props">
    <channelr start="349" end="510"/>
    <channelr start="6001" end="6576"/>
    <channelr start="11731" end="12030"/>
    <channelr start="12243" end="12542"/>
  </testpreset>
  <testpreset name="Christmas2015"/>
  <testpreset name="2015 house"/>
  <testpreset name="Tree 1">
    <channelr start="0" end="5399"/>
  </testpreset>
  <testpreset name="lor tree">
    <channelr start="10800" end="14399"/>
  </testpreset>
  <testpreset name="LOR AND RGB DUMB">
    <channelr start="1" end="528"/>
  </testpreset>
  <testpreset name="test all">
    <channelr start="0" end="10090"/>
  </testpreset>
  <testpreset name="test">
    <channelr start="0" end="10090"/>
  </testpreset>
  <testpreset name="test2"/>
  <testpreset name="Test Tree1">
    <channelr start="2550" end="2849"/>
  </testpreset>
  <testpreset name="Testall">
    <channelr start="0" end="14279"/>
  </testpreset>
  <testpreset name="TestTree1">
    <channelr start="2838" end="3737"/>
  </testpreset>
  <testpreset name="Tree1&amp;amp;2">
    <channelr start="2838" end="3737"/>
    <channelr start="3750" end="4937"/>
  </testpreset>
  <testpreset name="SingTree123">
    <channelr start="2838" end="3737"/>
    <channelr start="3750" end="4937"/>
    <channelr start="4950" end="6137"/>
  </testpreset>
  <testpreset name="SingTree1Test">
    <channelr start="2550" end="3737"/>
  </testpreset>
  <testpreset name="Tree8Test">
    <channelr start="10950" end="12137"/>
  </testpreset>
  <testpreset name="Tree7">
    <channelr start="9750" end="10937"/>
  </testpreset>
  <testpreset name="Tree6">
    <channelr start="8550" end="9737"/>
  </testpreset>
  <testpreset name="Tree5">
    <channelr start="7350" end="8537"/>
  </testpreset>
  <testpreset name="Tree4">
    <channelr start="6150" end="7337"/>
  </testpreset>
  <testpreset name="Tree9">
    <channelr start="12150" end="13337"/>
  </testpreset>
  <testpreset name="test97113">
    <channelr start="48739" end="48741"/>
    <channelr start="48787" end="48789"/>
  </testpreset>
  <testpreset name="test1">
    <channelr start="1" end="8192"/>
  </testpreset>
  <testpreset name="Singing Bulb Outline">
    <channelr start="4097" end="4297"/>
  </testpreset>
  <testpreset name="Singing Bulb Right Eye">
    <channelr start="4361" end="4399"/>
  </testpreset>
</Networks>
