<?xml version="1.0" encoding="UTF-8"?>
<Networks computer="DESKTOP-F6SBEP0">
  <network ComPort="MULTICAST" BaudRate="1" NetworkType="E131" Description="LOR and DMX units" MaxChannels="512"/>
  <network ComPort="192.168.1.202" BaudRate="2" NetworkType="E131" Description="Matrix Left" MaxChannels="512" NumUniverses="100"/>
  <network ComPort="192.168.1.201" BaudRate="102" NetworkType="E131" Description="Matrix Right" MaxChannels="512" NumUniverses="100"/>
  <network ComPort="192.168.1.100" BaudRate="202" NetworkType="E131" Description="master PI Hat " MaxChannels="512" NumUniverses="6"/>
  <network ComPort="192.168.1.203" BaudRate="208" NetworkType="E131" Description="F8-B" MaxChannels="512" NumUniverses="50"/>
  <network ComPort="192.168.1.204" BaudRate="300" NetworkType="E131" Description="F4v Matrix Trees" MaxChannels="512" NumUniverses="100"/>
  <network ComPort="MULTICAST" BaudRate="400" NetworkType="E131" Enabled="No" Description="ESPixel stick Driveway" MaxChannels="512" NumUniverses="3"/>
  <network Id="8" NetworkType="NULL" Description="Right matrix snowflakes" MaxChannels="1536"/>
  <network Id="9" NetworkType="NULL" Description="Left Matrix Snowflakes" MaxChannels="1536"/>
  <testpreset name="spiral tree">
    <channel id="35"/>
    <channelr start="40" end="47"/>
  </testpreset>
</Networks>
