<?xml version="1.0" encoding="UTF-8"?>
<Networks computer="Logans-iMac-6">
  <network ComPort="MULTICAST" BaudRate="1" NetworkType="E131" Description="Dumb RGBmodels" MaxChannels="123"/>
  <network ComPort="MULTICAST" BaudRate="2" NetworkType="E131" Description="Megatree pt1" MaxChannels="150"/>
  <network ComPort="MULTICAST" BaudRate="3" NetworkType="E131" Description="Megatree pt2" MaxChannels="150"/>
  <network ComPort="MULTICAST" BaudRate="4" NetworkType="E131" Description="Megatree pt3" MaxChannels="150"/>
  <network ComPort="MULTICAST" BaudRate="5" NetworkType="E131" Description="Megatree pt4" MaxChannels="150"/>
  <network ComPort="MULTICAST" BaudRate="6" NetworkType="E131" Description="Megatree pt5" MaxChannels="150"/>
  <network ComPort="MULTICAST" BaudRate="7" NetworkType="E131" Description="Megatree pt6" MaxChannels="150"/>
  <network ComPort="MULTICAST" BaudRate="8" NetworkType="E131" Description="Megatree pt7" MaxChannels="150"/>
  <network ComPort="MULTICAST" BaudRate="9" NetworkType="E131" Description="Megatree pt8" MaxChannels="150"/>
  <network ComPort="MULTICAST" BaudRate="10" NetworkType="E131" Description="Megatree pt9" MaxChannels="150"/>
  <network ComPort="MULTICAST" BaudRate="11" NetworkType="E131" Description="Megatree pt10" MaxChannels="150"/>
  <network ComPort="MULTICAST" BaudRate="12" NetworkType="E131" Description="Megatree pt11" MaxChannels="150"/>
  <network ComPort="MULTICAST" BaudRate="13" NetworkType="E131" Description="Megatree pt12" MaxChannels="204"/>
  <network ComPort="MULTICAST" BaudRate="14" NetworkType="E131" Description="Spiral Tree 1" MaxChannels="318"/>
  <network ComPort="MULTICAST" BaudRate="15" NetworkType="E131" Description="Spiral Tree 2" MaxChannels="318"/>
  <network ComPort="MULTICAST" BaudRate="16" NetworkType="E131" Description="Spiral Tree 3" MaxChannels="318"/>
  <network ComPort="MULTICAST" BaudRate="17" NetworkType="E131" Description="Spiral Tree 4" MaxChannels="318"/>
  <network ComPort="MULTICAST" BaudRate="18" NetworkType="E131" Description="Column left" MaxChannels="75"/>
  <network ComPort="MULTICAST" BaudRate="19" NetworkType="E131" Description="Column right" MaxChannels="75"/>
  <network ComPort="MULTICAST" BaudRate="20" NetworkType="E131" Description="Central Garden RGB &amp;amp; Pergola" MaxChannels="30"/>
  <network ComPort="MULTICAST" BaudRate="21" NetworkType="E131" Description="Gutter right" MaxChannels="189"/>
  <network ComPort="MULTICAST" BaudRate="22" NetworkType="E131" Description="Gutter left" MaxChannels="150"/>
  <network ComPort="MULTICAST" BaudRate="23" NetworkType="E131" Description="Study Window + 75 spare channels" MaxChannels="399"/>
  <network ComPort="MULTICAST" BaudRate="25" NetworkType="E131" Description="Unused" MaxChannels="231"/>
  <network ComPort="MULTICAST" BaudRate="26" NetworkType="E131" Description="Bedroom roof and vertical roofline west &amp;amp;Study roof peak" MaxChannels="450"/>
  <network ComPort="MULTICAST" BaudRate="27" NetworkType="E131" Description="Olaf" MaxChannels="318"/>
  <network ComPort="MULTICAST" BaudRate="28" NetworkType="E131" Description="Singing Tree" MaxChannels="240"/>
  <network ComPort="MULTICAST" BaudRate="29" NetworkType="E131" Description="Carport roof vert and top " MaxChannels="387"/>
  <network ComPort="MULTICAST" BaudRate="30" NetworkType="E131" Description="Roofline East" MaxChannels="300"/>
  <network ComPort="MULTICAST" BaudRate="31" NetworkType="E131" Description="Stars Carport" MaxChannels="60"/>
  <network ComPort="MULTICAST" BaudRate="32" NetworkType="E131" Description="Gutter Carport" MaxChannels="180"/>
  <network ComPort="MULTICAST" BaudRate="33" NetworkType="E131" Description="Triple Arch 1 " MaxChannels="435"/>
  <network ComPort="MULTICAST" BaudRate="34" NetworkType="E131" Description="Triple Arch 2" MaxChannels="435"/>
  <network ComPort="MULTICAST" BaudRate="35" NetworkType="E131" Description="Triple Arch 3" MaxChannels="435"/>
  <network ComPort="MULTICAST" BaudRate="36" NetworkType="E131" Description="Triple Arch 4" MaxChannels="435"/>
  <network ComPort="MULTICAST" BaudRate="37" NetworkType="E131" Description="Left Pixicles" MaxChannels="360"/>
  <network ComPort="MULTICAST" BaudRate="38" NetworkType="E131" Description="Right Pixicles" MaxChannels="360"/>
  <network ComPort="MULTICAST" BaudRate="39" NetworkType="E131" Description="Pixel Candy Canes 1-4" MaxChannels="144"/>
  <network ComPort="MULTICAST" BaudRate="40" NetworkType="E131" Description="Toilet &amp;amp; Carport pixicles" MaxChannels="507"/>
  <network ComPort="MULTICAST" BaudRate="51" NetworkType="E131" Description="Pi Jacket" MaxChannels="150"/>
  <network ComPort="MULTICAST" BaudRate="42" NetworkType="E131" Description="Pixel Tree 1 &amp;amp; 2" MaxChannels="300"/>
  <network ComPort="MULTICAST" BaudRate="43" NetworkType="E131" Description="Pixel Tree 3 &amp;amp; 4" MaxChannels="300"/>
  <network ComPort="MULTICAST" BaudRate="44" NetworkType="E131" Description="Snowflakes 1&amp;amp;2" MaxChannels="108"/>
  <network ComPort="MULTICAST" BaudRate="45" NetworkType="E131" Description="Snowflake 3" MaxChannels="60"/>
  <network ComPort="MULTICAST" BaudRate="47" NetworkType="E131" Description="Wardrobe matrix pt1" MaxChannels="510"/>
  <network ComPort="MULTICAST" BaudRate="48" NetworkType="E131" Description="Wardrobe matrix pt2" MaxChannels="510"/>
  <network ComPort="MULTICAST" BaudRate="49" NetworkType="E131" Description="Wardrobe matirx pt3" MaxChannels="102"/>
  <network ComPort="MULTICAST" BaudRate="50" NetworkType="E131" Description="Wardrobe window surround" MaxChannels="120"/>
  <network ComPort="MULTICAST" BaudRate="52" NetworkType="E131" Description="Toilet matrix pt1" MaxChannels="510"/>
  <network ComPort="MULTICAST" BaudRate="53" NetworkType="E131" Description="Toilet matrix pt2" MaxChannels="510"/>
  <network ComPort="MULTICAST" BaudRate="54" NetworkType="E131" Description="Toilet matrix pt3" MaxChannels="36"/>
  <network ComPort="MULTICAST" BaudRate="55" NetworkType="E131" Description="Toilet window surround" MaxChannels="114"/>
  <network ComPort="MULTICAST" BaudRate="56" NetworkType="E131" Description="Bathroom matrix pt1" MaxChannels="510"/>
  <network ComPort="MULTICAST" BaudRate="57" NetworkType="E131" Description="Bathroom matrix pt2" MaxChannels="510"/>
  <network ComPort="MULTICAST" BaudRate="58" NetworkType="E131" Description="Bathroom matrix pt3" MaxChannels="360"/>
  <network ComPort="MULTICAST" BaudRate="59" NetworkType="E131" Description="Bathroom window surround" MaxChannels="123"/>
  <network ComPort="MULTICAST" BaudRate="60" NetworkType="E131" Description="Spiral Tree &amp;amp; star 1" MaxChannels="324"/>
  <network ComPort="MULTICAST" BaudRate="61" NetworkType="E131" Description="Spiral Tree &amp;amp; star 2" MaxChannels="324"/>
  <network ComPort="MULTICAST" BaudRate="62" NetworkType="E131" Description="Spiral Tree &amp;amp; star 3" MaxChannels="324"/>
  <network ComPort="MULTICAST" BaudRate="63" NetworkType="E131" Description="Spiral Tree &amp;amp; star 4" MaxChannels="324"/>
  <network ComPort="MULTICAST" BaudRate="64" NetworkType="E131" Description="Spiders" MaxChannels="477"/>
  <network ComPort="MULTICAST" BaudRate="65" NetworkType="E131" Description="3d Snowflake 1" MaxChannels="342"/>
  <network ComPort="MULTICAST" BaudRate="66" NetworkType="E131" Description="3d Snowflake 2" MaxChannels="342"/>
  <network ComPort="MULTICAST" BaudRate="67" NetworkType="E131" Description="3d Snowflake 3" MaxChannels="342"/>
  <network ComPort="MULTICAST" BaudRate="68" NetworkType="E131" Description="Roof Stars Carport" MaxChannels="183"/>
  <network ComPort="MULTICAST" BaudRate="69" NetworkType="E131" Description="Roof Stars Bedroom" MaxChannels="102"/>
  <network ComPort="MULTICAST" BaudRate="70" NetworkType="E131" Description="Spider 4" MaxChannels="159"/>
  <network ComPort="MULTICAST" BaudRate="71" NetworkType="E131" Description="Left Smallflakes" MaxChannels="360"/>
  <network ComPort="MULTICAST" BaudRate="72" NetworkType="E131" Description="Right Smallflakes" MaxChannels="360"/>
  <network ComPort="MULTICAST" BaudRate="73" NetworkType="E131" Description="Left White Trees 1&amp;amp;2" MaxChannels="300"/>
  <network ComPort="MULTICAST" BaudRate="74" NetworkType="E131" Description="Left White Trees 3&amp;amp;4" MaxChannels="300"/>
  <network ComPort="MULTICAST" BaudRate="75" NetworkType="E131" Description="Right White Trees 1&amp;amp;2" MaxChannels="300"/>
  <network ComPort="MULTICAST" BaudRate="76" NetworkType="E131" Description="Right White Trees 3&amp;amp;4" MaxChannels="300"/>
  <testpreset name="test all">
    <channelr start="0" end="10090"/>
  </testpreset>
  <testpreset name="test2"/>
  <testpreset name="test">
    <channelr start="15685" end="17724"/>
  </testpreset>
  <testpreset name="fdg">
    <channelr start="1" end="20784"/>
  </testpreset>
</Networks>
