Model Name,Description,Display As,Dimensions,String Type,String Count,Node Count,Light Count,Est Current (Amps),Channels Per Node, Channel Count,Start Channel,Start Channel No,#Universe(or id):Start Channel,End Channel No,Default Buffer W x H,Preview,Controller Connection,Controller Name,Controller Type,Protocol,Controller Description,IP,Baud,Universe/Id,Universe Channel,Controller Channel,Active
"Arches","","Arches","","RGB Nodes",1,100,100,6.00,3,300,>Tree:1,2401,#0:0,2700,50 x 2,"Default",ws2811,"",Unknown,Unknown,"",,,,0,-1,
"Arches-2","","Arches","","RGB Nodes",1,100,100,6.00,3,300,>Arches:1,2701,#0:0,3000,50 x 2,"Default",ws2811,"",Unknown,Unknown,"",,,,0,-1,
"Everything","Arches, Arches-2, Matrix, Matrix-2, Matrix-3, Single Line, Single Line-3, Single Line-5, Single Line-6, Single Line-7, Tree, Single Line-2","ModelGroup",,,,,,,,11646,,1,,11646,400 x 177,Default
"Matrix","98"" wide by 62"" tall","Matrix","","RGB Nodes",16,800,800,48.00,3,2400,>Arches-2:1,3001,#0:0,5400,25 x 32,"Default",ws2811,"",Unknown,Unknown,"",,,,0,-1,
"Matrix-2","68"" wide by 51""","Matrix","","RGB Nodes",25,850,850,51.00,3,2550,>Matrix:1,5401,#0:0,7950,34 x 25,"Default",ws2811,"",Unknown,Unknown,"",,,,0,-1,
"Matrix-3","68"" wide by 51""","Matrix","","RGB Nodes",25,850,850,51.00,3,2550,>Matrix-2:1,7951,#0:0,10500,34 x 25,"Default",ws2811,"",Unknown,Unknown,"",,,,0,-1,
"Outline","Single Line, Single Line-3, Single Line-5, Single Line-6, Single Line-7, Single Line-2","ModelGroup",,,,,,,,1146,,10501,,11646,400 x 112,Default
"Single Line","66""","Single Line","","RGB Nodes",1,33,33,1.98,3,99,>Matrix-3:1,10501,#0:0,10599,33 x 1,"Default",ws2811,"",Unknown,Unknown,"",,,,0,-1,
"Single Line-2","54""","Single Line","","RGB Nodes",1,27,27,1.62,3,81,>Single Line-7:1,11566,#0:0,11646,27 x 1,"Default",ws2811,"",Unknown,Unknown,"",,,,0,-1,
"Single Line-3","19'2""","Single Line","","RGB Nodes",1,115,115,6.90,3,345,>Single Line:1,10600,#0:0,10944,115 x 1,"Default",ws2811,"",Unknown,Unknown,"",,,,0,-1,
"Single Line-5","15'","Single Line","","RGB Nodes",1,90,90,5.40,3,270,>Single Line-3:1,10945,#0:0,11214,90 x 1,"Default",ws2811,"",Unknown,Unknown,"",,,,0,-1,
"Single Line-6","15'","Single Line","","RGB Nodes",1,90,90,5.40,3,270,>Single Line-5:1,11215,#0:0,11484,90 x 1,"Default",ws2811,"",Unknown,Unknown,"",,,,0,-1,
"Single Line-7","54""","Single Line","","RGB Nodes",1,27,27,1.62,3,81,>Single Line-6:1,11485,#0:0,11565,27 x 1,"Default",ws2811,"",Unknown,Unknown,"",,,,0,-1,
"Tree","","Tree","","RGB Nodes",16,800,800,48.00,3,2400,1,1,#64001:1,2400,16 x 50,"Default",ws2811,"Null_",,NULL,"",,,,1,1,

"Model Count",14
"First Used Channel",1
"Last Used Channel",11646
"Actual Used Channel",11646
"Bulbs",3882


Controller Name,Start Absolute,End Absolute,Type,Protocol,IP,Comm Port,Baud Rate,Description,Universe/Id,Channels,Active,Suppress Duplicates,Auto Size,FPP Proxy
Null_,1,512,,NULL,,,,"",1,512,,,
