<?xml version="1.0" encoding="UTF-8"?>
<xrgb>
  <models>
    <model DisplayAs="Single Line" StringType="RGB Nodes" StartSide="B" Dir="L" Antialias="1" PixelSize="2" Transparency="0" parm1="1" parm3="1" name="Single Line-5" LayoutGroup="Default" parm2="90" Description="15&amp;apos;" WorldPosX="632.3141" WorldPosY="384.0761" WorldPosZ="0.0000" X2="129.024414" Y2="66.358490" Z2="0.000000" versionNumber="5" StartChannel="&gt;Single Line-3:1">
      <ControllerConnection Protocol="ws2811"/>
    </model>
    <model DisplayAs="Single Line" StringType="RGB Nodes" StartSide="B" Dir="L" Antialias="1" PixelSize="2" Transparency="0" parm1="1" parm3="1" name="Single Line-6" LayoutGroup="Default" parm2="90" Description="15&amp;apos;" WorldPosX="762.1672" WorldPosY="449.9758" WorldPosZ="0.0000" X2="119.016785" Y2="-63.028076" Z2="0.000000" versionNumber="5" StartChannel="&gt;Single Line-5:1">
      <ControllerConnection Protocol="ws2811"/>
    </model>
    <model DisplayAs="Single Line" StringType="RGB Nodes" StartSide="B" Dir="L" Antialias="1" PixelSize="2" Transparency="0" parm1="1" parm3="1" LayoutGroup="Default" name="Single Line-2" parm2="27" Description="54&amp;quot;" WorldPosX="887.2788" WorldPosY="372.6895" WorldPosZ="0.0000" X2="0.616882" Y2="-37.012146" Z2="0.000000" versionNumber="5" StartChannel="&gt;Single Line-7:1">
      <ControllerConnection Protocol="ws2811"/>
    </model>
    <model DisplayAs="Single Line" StringType="RGB Nodes" StartSide="B" Dir="L" Antialias="1" PixelSize="2" Transparency="0" parm1="1" parm3="1" name="Single Line-7" LayoutGroup="Default" parm2="27" Description="54&amp;quot;" WorldPosX="626.5234" WorldPosY="369.7118" WorldPosZ="0.0000" X2="0.616882" Y2="-37.012146" Z2="0.000000" versionNumber="5" StartChannel="&gt;Single Line-6:1">
      <ControllerConnection Protocol="ws2811"/>
    </model>
    <model StringType="RGB Nodes" StartSide="B" Dir="L" Antialias="1" PixelSize="2" Transparency="0" parm2="50" parm3="1" name="Tree" parm1="16" LayoutGroup="Default" DisplayAs="Tree 180" WorldPosX="773.1402" WorldPosY="331.1111" WorldPosZ="0.0000" ScaleX="0.9115" ScaleY="0.9351" ScaleZ="0.9115" RotateX="0.00000000" RotateY="0.00000000" RotateZ="0.00000000" versionNumber="5" StartChannel="1">
      <ControllerConnection Protocol="ws2811"/>
    </model>
    <model DisplayAs="Arches" StringType="RGB Nodes" StartSide="B" Dir="L" Antialias="1" PixelSize="2" Transparency="0" parm2="50" parm3="1" name="Arches-2" LayoutGroup="Default" parm1="2" WorldPosX="410.2432" WorldPosY="230.6383" WorldPosZ="0.0000" X2="199.200012" Y2="-0.800003" Z2="0.000000" RotateX="0.00000000" Height="1.000000" Angle="0" versionNumber="5" StartChannel="&gt;Arches:1">
      <ControllerConnection Protocol="ws2811"/>
    </model>
    <model DisplayAs="Arches" StringType="RGB Nodes" StartSide="B" Dir="L" Antialias="1" PixelSize="2" Transparency="0" parm2="50" parm3="1" name="Arches" LayoutGroup="Default" parm1="2" WorldPosX="732.7815" WorldPosY="223.1717" WorldPosZ="0.0000" X2="192.955444" Y2="3.209000" Z2="0.000000" RotateX="0.00000000" Height="1.081744" Angle="-2" versionNumber="5" StartChannel="&gt;Tree:1">
      <ControllerConnection Protocol="ws2811"/>
    </model>
    <model StringType="RGB Nodes" StartSide="B" Dir="L" Antialias="1" PixelSize="2" Transparency="0" parm2="50" name="Matrix" DisplayAs="Horiz Matrix" parm1="16" LayoutGroup="Default" parm3="2" Description="98&amp;quot; wide by 62&amp;quot; tall" WorldPosX="541.0000" WorldPosY="347.0000" WorldPosZ="0.0000" ScaleX="3.0400" ScaleY="1.6250" ScaleZ="0.0417" RotateX="0.00000000" RotateY="0.00000000" RotateZ="0.00000000" versionNumber="5" StartChannel="&gt;Arches-2:1">
      <ControllerConnection Protocol="ws2811"/>
    </model>
    <model StringType="RGB Nodes" StartSide="B" Dir="L" Antialias="1" PixelSize="2" Transparency="0" parm3="1" name="Matrix-2" DisplayAs="Horiz Matrix" LayoutGroup="Default" parm2="34" parm1="25" Description="68&amp;quot; wide by 51&amp;quot;" WorldPosX="687.0000" WorldPosY="352.5000" WorldPosZ="0.0000" ScaleX="1.4706" ScaleY="1.8800" ScaleZ="1.4116" RotateX="0.00000000" RotateY="0.00000000" RotateZ="0.00000000" versionNumber="5" StartChannel="&gt;Matrix:1">
      <ControllerConnection Protocol="ws2811"/>
    </model>
    <model StringType="RGB Nodes" StartSide="B" Dir="L" Antialias="1" PixelSize="2" Transparency="0" parm3="1" name="Matrix-3" DisplayAs="Horiz Matrix" LayoutGroup="Default" parm1="25" parm2="34" Description="68&amp;quot; wide by 51&amp;quot;" WorldPosX="835.3918" WorldPosY="352.6765" WorldPosZ="0.0000" ScaleX="1.4475" ScaleY="1.8141" ScaleZ="1.3236" RotateX="0.00000000" RotateY="0.00000000" RotateZ="0.00000000" versionNumber="5" StartChannel="&gt;Matrix-2:1">
      <ControllerConnection Protocol="ws2811"/>
    </model>
    <model DisplayAs="Single Line" StringType="RGB Nodes" StartSide="B" Dir="L" Antialias="1" PixelSize="2" Transparency="0" parm1="1" parm3="1" name="Single Line" LayoutGroup="Default" parm2="33" Description="66&amp;quot;" WorldPosX="461.1898" WorldPosY="366.2434" WorldPosZ="0.0000" X2="0.000000" Y2="-46.399994" Z2="0.000000" versionNumber="5" StartChannel="&gt;Matrix-3:1">
      <ControllerConnection Protocol="ws2811"/>
    </model>
    <model DisplayAs="Single Line" StringType="RGB Nodes" StartSide="B" Dir="L" Antialias="1" PixelSize="2" Transparency="0" parm1="1" parm3="1" name="Single Line-3" LayoutGroup="Default" parm2="115" Description="19&amp;apos;2&amp;quot;" WorldPosX="421.1676" WorldPosY="373.5860" WorldPosZ="0.0000" X2="187.363861" Y2="2.021301" Z2="0.000000" versionNumber="5" StartChannel="&gt;Single Line:1">
      <ControllerConnection Protocol="ws2811"/>
    </model>
  </models>
  <view_objects>
    <view_object DisplayAs="Gridlines" LayoutGroup="Default" name="Gridlines" GridLineSpacing="50" GridWidth="2000.0" GridHeight="1000.0" Active="1" WorldPosX="0.0000" WorldPosY="0.0000" WorldPosZ="0.0000" ScaleX="1.0000" ScaleY="1.0000" ScaleZ="1.0000" RotateX="-90.00000000" RotateY="-0.00000000" RotateZ="0.00000000" versionNumber="5"/>
  </view_objects>
  <effects version="0006"/>
  <views/>
  <palettes/>
  <modelGroups>
    <modelGroup selected="0" name="Everything" layout="minimalGrid" GridSize="400" LayoutGroup="Default" models="Arches,Arches-2,Matrix,Matrix-2,Matrix-3,Single Line,Single Line-3,Single Line-5,Single Line-6,Single Line-7,Tree,Single Line-2"/>
    <modelGroup selected="0" name="Outline" layout="minimalGrid" GridSize="400" LayoutGroup="Default" models="Single Line,Single Line-3,Single Line-5,Single Line-6,Single Line-7,Single Line-2"/>
  </modelGroups>
  <layoutGroups>
    <layoutGroup name="Home" backgroundImage="C:\xLights\IMG_0623.jpg"/>
  </layoutGroups>
  <perspectives current="BottomLayout">
    <perspective name="Default Perspective" settings="layout2|name=ModelPreview;caption=Model Preview;state=6293500;dir=4;layer=1;row=0;pos=0;prop=100000;bestw=250;besth=250;minw=-1;minh=-1;maxw=-1;maxh=-1;floatx=-1;floaty=-1;floatw=-1;floath=-1|name=HousePreview;caption=House Preview;state=6293500;dir=4;layer=1;row=0;pos=1;prop=100000;bestw=250;besth=250;minw=-1;minh=-1;maxw=-1;maxh=-1;floatx=-1;floaty=-1;floatw=-1;floath=-1|name=EffectAssist;caption=Effect Assist;state=2099198;dir=4;layer=1;row=0;pos=2;prop=100000;bestw=250;besth=250;minw=-1;minh=-1;maxw=-1;maxh=-1;floatx=-1;floaty=-1;floatw=-1;floath=-1|name=DisplayElements;caption=Display Elements;state=6293503;dir=4;layer=0;row=0;pos=0;prop=100000;bestw=600;besth=400;minw=-1;minh=-1;maxw=-1;maxh=-1;floatx=-1;floaty=-1;floatw=600;floath=400|name=Perspectives;caption=Perspectives;state=2099198;dir=4;layer=1;row=0;pos=0;prop=100000;bestw=160;besth=130;minw=-1;minh=-1;maxw=-1;maxh=-1;floatx=-1;floaty=-1;floatw=-1;floath=-1|name=Effect;caption=Effect Settings;state=2099196;dir=4;layer=0;row=1;pos=0;prop=100000;bestw=415;besth=741;minw=-1;minh=-1;maxw=-1;maxh=-1;floatx=-1;floaty=-1;floatw=-1;floath=-1|name=SelectEffect;caption=Select Effects;state=2099198;dir=4;layer=1;row=0;pos=0;prop=100000;bestw=372;besth=227;minw=-1;minh=-1;maxw=-1;maxh=-1;floatx=-1;floaty=-1;floatw=-1;floath=-1|name=EffectDropper;caption=Effects;state=2099198;dir=1;layer=0;row=0;pos=0;prop=100000;bestw=1044;besth=696;minw=-1;minh=-1;maxw=-1;maxh=-1;floatx=-1;floaty=-1;floatw=-1;floath=-1|name=ValueCurveDropper;caption=Value Curves;state=2099198;dir=1;layer=0;row=0;pos=0;prop=100000;bestw=40;besth=40;minw=-1;minh=-1;maxw=-1;maxh=-1;floatx=-1;floaty=-1;floatw=-1;floath=-1|name=ColourDropper;caption=Colours;state=2099198;dir=1;layer=0;row=0;pos=0;prop=100000;bestw=20;besth=20;minw=-1;minh=-1;maxw=-1;maxh=-1;floatx=-1;floaty=-1;floatw=-1;floath=-1|name=Jukebox;caption=Jukebox;state=2099198;dir=1;layer=0;row=0;pos=0;prop=100000;bestw=100;besth=200;minw=-1;minh=-1;maxw=-1;maxh=-1;floatx=-1;floaty=-1;floatw=-1;floath=-1|name=Color;caption=Color;state=2099196;dir=1;layer=0;row=0;pos=0;prop=100000;bestw=334;besth=340;minw=-1;minh=-1;maxw=-1;maxh=-1;floatx=-1;floaty=-1;floatw=-1;floath=-1|name=LayerTiming;caption=Layer Blending;state=2099196;dir=1;layer=0;row=0;pos=1;prop=100000;bestw=266;besth=273;minw=-1;minh=-1;maxw=-1;maxh=-1;floatx=-1;floaty=-1;floatw=-1;floath=-1|name=LayerSettings;caption=Layer Settings;state=2099196;dir=1;layer=0;row=0;pos=2;prop=100000;bestw=267;besth=383;minw=-1;minh=-1;maxw=-1;maxh=-1;floatx=-1;floaty=-1;floatw=-1;floath=-1|name=SequenceVideo;caption=Sequence Video;state=2099199;dir=4;layer=0;row=0;pos=0;prop=100000;bestw=280;besth=169;minw=-1;minh=-1;maxw=-1;maxh=-1;floatx=156;floaty=156;floatw=296;floath=208|name=Main Sequencer;caption=Main Sequencer;state=768;dir=5;layer=0;row=0;pos=0;prop=100000;bestw=118;besth=50;minw=-1;minh=-1;maxw=-1;maxh=-1;floatx=-1;floaty=-1;floatw=-1;floath=-1|dock_size(4,1,0)=252|dock_size(4,0,1)=350|dock_size(1,0,0)=133|dock_size(5,0,0)=120|" version="2.0"/>
    <perspective name="BottomLayout" settings="layout2|name=ModelPreview;caption=Model Preview;state=6293500;dir=4;layer=1;row=0;pos=1;prop=100000;bestw=250;besth=250;minw=-1;minh=-1;maxw=-1;maxh=-1;floatx=13;floaty=380;floatw=266;floath=289|name=HousePreview;caption=House Preview;state=6293500;dir=4;layer=1;row=0;pos=0;prop=100000;bestw=250;besth=250;minw=-1;minh=-1;maxw=-1;maxh=-1;floatx=27;floaty=180;floatw=266;floath=289|name=EffectAssist;caption=Effect Assist;state=2099198;dir=4;layer=1;row=0;pos=5;prop=100000;bestw=250;besth=250;minw=-1;minh=-1;maxw=-1;maxh=-1;floatx=-1;floaty=-1;floatw=-1;floath=-1|name=DisplayElements;caption=Display Elements;state=6293503;dir=4;layer=0;row=0;pos=0;prop=100000;bestw=600;besth=400;minw=-1;minh=-1;maxw=-1;maxh=-1;floatx=-1;floaty=-1;floatw=600;floath=400|name=Perspectives;caption=Perspectives;state=2099198;dir=4;layer=1;row=0;pos=2;prop=100000;bestw=160;besth=130;minw=-1;minh=-1;maxw=-1;maxh=-1;floatx=-1;floaty=-1;floatw=-1;floath=-1|name=Effect;caption=Effect Settings;state=2099196;dir=4;layer=0;row=1;pos=0;prop=100000;bestw=415;besth=741;minw=-1;minh=-1;maxw=-1;maxh=-1;floatx=196;floaty=502;floatw=431;floath=780|name=SelectEffect;caption=Select Effects;state=2099198;dir=4;layer=1;row=0;pos=2;prop=100000;bestw=372;besth=227;minw=-1;minh=-1;maxw=-1;maxh=-1;floatx=-1;floaty=-1;floatw=-1;floath=-1|name=EffectDropper;caption=Effects;state=2099198;dir=1;layer=0;row=0;pos=0;prop=100000;bestw=1044;besth=696;minw=-1;minh=-1;maxw=-1;maxh=-1;floatx=-1;floaty=-1;floatw=-1;floath=-1|name=ValueCurveDropper;caption=Value Curves;state=2099198;dir=1;layer=0;row=0;pos=0;prop=100000;bestw=40;besth=40;minw=-1;minh=-1;maxw=-1;maxh=-1;floatx=-1;floaty=-1;floatw=-1;floath=-1|name=ColourDropper;caption=Colours;state=2099198;dir=1;layer=0;row=0;pos=0;prop=100000;bestw=20;besth=20;minw=-1;minh=-1;maxw=-1;maxh=-1;floatx=-1;floaty=-1;floatw=-1;floath=-1|name=Jukebox;caption=Jukebox;state=2099198;dir=1;layer=0;row=0;pos=0;prop=100000;bestw=100;besth=200;minw=-1;minh=-1;maxw=-1;maxh=-1;floatx=-1;floaty=-1;floatw=-1;floath=-1|name=Color;caption=Color;state=2099196;dir=3;layer=2;row=0;pos=0;prop=100000;bestw=334;besth=340;minw=-1;minh=-1;maxw=-1;maxh=-1;floatx=677;floaty=910;floatw=350;floath=379|name=LayerTiming;caption=Layer Blending;state=2099196;dir=3;layer=2;row=0;pos=1;prop=100000;bestw=266;besth=273;minw=-1;minh=-1;maxw=-1;maxh=-1;floatx=1196;floaty=798;floatw=282;floath=312|name=LayerSettings;caption=Layer Settings;state=2099196;dir=3;layer=2;row=0;pos=2;prop=100000;bestw=267;besth=383;minw=-1;minh=-1;maxw=-1;maxh=-1;floatx=1562;floaty=806;floatw=283;floath=422|name=SequenceVideo;caption=Sequence Video;state=2099199;dir=4;layer=0;row=0;pos=0;prop=100000;bestw=280;besth=169;minw=-1;minh=-1;maxw=-1;maxh=-1;floatx=156;floaty=156;floatw=296;floath=208|name=Main Sequencer;caption=Main Sequencer;state=768;dir=5;layer=0;row=0;pos=0;prop=100000;bestw=118;besth=50;minw=-1;minh=-1;maxw=-1;maxh=-1;floatx=-1;floaty=-1;floatw=-1;floath=-1|dock_size(4,1,0)=252|dock_size(5,0,0)=120|dock_size(3,2,0)=112|dock_size(4,0,1)=274|" version="2.0"/>
  </perspectives>
  <settings>
    <scaleImage value="0"/>
    <Display2DBoundingBox value="0"/>
    <backgroundImage value="C:\temp\IMG_0623.jpg"/>
    <storedLayoutGroup value="Default"/>
    <backgroundAlpha value="100"/>
    <backgroundBrightness value="36"/>
    <previewWidth value="1280"/>
    <previewHeight value="720"/>
  </settings>
  <colors>
    <EffectDefault Red="192" Green="192" Blue="192"/>
    <EffectSelected Red="204" Green="102" Blue="255"/>
    <EffectSelectedFixed Red="255" Green="128" Blue="0"/>
    <EffectSelectedLocked Red="200" Green="0" Blue="0"/>
    <GridDashes Red="255" Green="255" Blue="0"/>
    <Gridlines Red="40" Green="40" Blue="40"/>
    <LabelOutline Red="103" Green="103" Blue="103"/>
    <Labels Red="255" Green="255" Blue="204"/>
    <LayoutDashes Red="255" Green="255" Blue="0"/>
    <ModelDefault Red="211" Green="211" Blue="211"/>
    <ModelOverlap Red="255" Green="0" Blue="0"/>
    <ModelSelected Red="255" Green="255" Blue="0"/>
    <Phonemes Red="255" Green="181" Blue="218"/>
    <Phrases Red="153" Green="255" Blue="153"/>
    <ReferenceEffect Red="255" Green="0" Blue="255"/>
    <ReferenceEffectLocked Red="255" Green="0" Blue="0"/>
    <RowHeaderSelected Red="130" Green="178" Blue="207"/>
    <Timing1 Red="0" Green="255" Blue="255"/>
    <Timing2 Red="255" Green="0" Blue="0"/>
    <Timing3 Red="0" Green="255" Blue="0"/>
    <Timing4 Red="0" Green="0" Blue="255"/>
    <Timing5 Red="255" Green="255" Blue="0"/>
    <TimingDefault Red="255" Green="255" Blue="255"/>
    <Waveform Red="130" Green="178" Blue="207"/>
    <WaveformSelected Red="0" Green="0" Blue="200"/>
    <WaveformSelectedEffect Red="255" Green="128" Blue="0"/>
    <Words Red="255" Green="218" Blue="145"/>
  </colors>
  <Viewpoints/>
</xrgb>
